Year,FIO-ESM,NorESM1-ME,BCC-CSM1-1,MRI-CGCM3,CanESM2,CESM1-CAM5,GISS-E2-H,MIROC-ESM-CHEM,MIROC-ESM,HadGEM2-ES,FGOALS-g2,ACCESS1-0,BNU-ESM,MIROC5,CMCC-CMS,HadGEM2-AO,FGOALS-s2,INMCM4,CSIRO-Mk3-6-0,GISS-E2-R,ACCESS1-3,CCSM4,CNRM-CM5,GFDL-CM3,NorESM1-M,IPSL-CM5B-LR,GFDL-ESM2M,CESM1-BGC,CMCC-CM,MPI-ESM-MR,MPI-ESM-LR,EC-EARTH,IPSL-CM5A-MR,HadGEM2-CC,IPSL-CM5A-LR,GFDL-ESM2G
1992,3.1411841964376337,2.166422079903018,1.8104802231762467,2.793153806573649,2.596394039589275,2.425785101464901,5.279162358488616,1.0554795568362347,1.0554795568362347,NaN,1.6947891157846937,NaN,3.1306579812442488,NaN,1.3469047233464422,NaN,2.8491646889134175,0.064632081780247,NaN,4.351977204733943,3.789023116198966,2.489327848483324,NaN,NaN,1.8371719418457675,2.798954925671135,1.7416661385250332,2.4350988854151936,-0.3345011333400057,2.537726006692427,3.262420177223892,4.330231538765516,0.6870639726655169,NaN,2.122705340771809,1.4832355263406296
1993,3.008043637835981,1.7292855787129486,1.7100075677330662,2.5846416879582144,2.5354224125688587,2.2093207198855263,5.603331890655621,1.0000515568243606,1.0000515568243606,4.339814137812698,1.6001518208183836,NaN,3.408206057593568,NaN,1.2934024376976774,NaN,2.845987185074867,0.18523970919304092,NaN,4.610907764986039,3.466727888061951,2.5196592304910355,NaN,NaN,1.7015894427266849,3.1773754448890363,1.6554870776662902,2.4202025315451268,0.11980673892334628,2.341392168854366,3.342037781724728,4.1936033461143705,0.8716290912726273,NaN,2.0441631471591455,1.4429798152523299
1994,2.9797580643982635,1.363358352465576,1.588636003314442,1.7750341526882027,2.4611206227890015,2.3395847279793767,5.450985679730449,0.8282570099248336,0.8282570099248336,4.295522820406997,1.7247569794488071,6.877949680444994,3.3489176570375245,NaN,1.4612239229915325,4.148141653986388,2.644131302104809,0.05512238650350913,NaN,5.327686635552068,3.0510019600811256,2.5804523824341254,4.019524260421031,NaN,1.8943760548008015,3.273565977503804,0.7960179778847547,2.459240640820758,0.7694131194837566,2.1764739477976245,3.391528990430057,3.8414406589053156,1.0123184544118236,-0.35317129557311155,2.1149184648392323,1.2376795647399903
1995,2.9655398209238544,0.45636831174859827,1.6925724080546336,1.099778291787513,2.4343373718826933,2.483647828366679,5.305355890697815,0.9605669819770615,0.9605669819770615,3.7665875451868733,1.4885037387127946,6.087465724200414,3.428477454092262,NaN,1.6617231126438383,4.5347309345703595,2.5783283062981863,0.24303458399622652,NaN,4.5429908431046435,2.8797377031190385,2.559660000833788,3.45308658601573,NaN,1.9645301974532579,3.480910895394791,0.7387630202862301,2.5400005017875134,0.8812631022098516,1.8720200911721594,3.3368734539375065,3.5606012345008597,1.1296676543688997,0.9233101553348827,1.9268776084103483,1.1831921101782579
1996,2.9220282458976414,-0.07773516678310043,1.9404175298061195,0.8581563377364863,2.4746463517558888,2.5051240064416036,4.986715257531609,0.815379536603827,0.815379536603827,3.6174362896276064,1.3927486830605122,5.777835696113941,3.066651132372815,NaN,1.7760059157642305,4.6853911936304495,2.5233508948680377,0.15384951506442007,NaN,4.523581359353411,2.956151313714182,2.418918227679848,3.5061101096249314,NaN,2.4526507350669755,3.4276465383140016,0.8852679727259785,2.5482166201832768,0.9017005493022682,1.4984562137122468,3.4152833793664414,3.3912923106668105,0.9491750053909113,1.7362302429419174,1.577111097514445,1.3965468030672776
1997,2.7801065935830347,-0.21397546416181787,2.108199529846054,1.1299814559802253,2.5162007177255017,2.1957806323080673,4.592818133201822,1.1863001452591042,1.1863001452591042,3.506218915639431,1.6184794686091124,4.97673475222679,2.845252803638326,NaN,1.736008100098822,3.9440953980874713,2.630381079166981,0.10090286820264371,NaN,4.602723153850376,3.0785634423027988,2.356531791978614,3.220281508258578,5.823818367243762,2.27517034612954,3.299915921800866,1.2162119322273393,2.623462033753027,1.0752410681649502,1.5278512469269507,3.254362506399395,3.172640660171136,1.057950561953048,2.0746320565089893,1.427531571744912,1.6576467221031999
1998,2.8186966327663203,0.07630723875791012,2.1901440594155215,0.8987054755207433,2.480479368514581,2.1305113400632507,4.242781482352903,1.4385829727978552,1.4385829727978552,3.2721015695359097,1.7990625185025708,4.038418620768516,2.487538495504861,NaN,1.8765706981468642,3.3189567852031723,2.5250729393544447,0.375118941740456,NaN,4.271911080358095,2.958152813061499,2.2717684591550764,3.698397316005846,4.80095210137302,2.3965359475829247,3.4217314260665224,1.2755688465538795,2.7349686936318554,1.2270452544791925,1.6169026543254048,3.0207428543781827,2.9586248723885107,1.071819552967218,2.330179633738382,1.418481835341577,1.6558235563690868
1999,2.781569754613712,-0.3850133954589257,2.4684316922343807,0.43843499226933924,2.5610531615529797,1.96495078432703,4.055858458585844,1.7591081555062453,1.7591081555062453,3.145595818613022,1.8303627744211415,3.59020887294794,2.4645864286369306,3.2112910915077943,2.0331269042358704,2.841302164183675,2.474462443435138,0.762147871244843,NaN,4.156640462938805,2.5896681685672607,2.2787737069010254,3.464151991942792,4.086612128465245,2.671688333058046,3.4421353704602193,1.5783135362519258,2.457274066642922,1.6472964670544066,1.448635329059163,2.870868932150185,2.7480156474297197,0.950007624806566,2.4258557195265587,1.4486243797148057,1.800276542035668
2000,2.7053876726955886,-0.2090647851087613,2.7496732989674153,0.3176761737832059,2.6671199497119202,1.9942757382303473,3.7976236201021485,1.8679150019202677,1.8679150019202677,3.0940345524001556,1.8392115685682016,3.1390915619799165,2.3585398048430135,3.253728135121733,2.0802471622085807,2.705686808305826,2.419043500356443,0.6760568120805533,3.8802497872483594,4.069349095409468,2.502747746147139,2.4255972532731924,2.9104828026267997,3.522136010009775,2.7475019547853554,3.1770399325981065,1.64370103926133,2.6147916765578403,1.7254598156773426,1.3909636958786813,2.8661521447457723,2.7178972757518562,1.1999795064033711,2.6069551020086217,1.3208437477178137,1.8927097729842202
2001,2.517390982692095,0.18494129439481458,2.9653616757420713,-0.4091431135692083,2.665806700532648,1.7824390802895542,3.4530978710094877,1.9385519996669387,1.9385519996669387,3.2528309538253906,1.8183198554073545,2.858803206633883,2.424874707511844,3.004886583910349,2.115922799194903,2.681314608113645,2.34757792638871,0.565112531678873,3.5163937855115948,3.8174776283385645,2.018787005379063,2.4820566449273698,2.7207110338755207,3.3562461386593263,2.703151009063836,2.9707054401458075,1.8741802237945255,2.594604743019433,1.7716640241715178,1.455245559812086,2.6836328690249265,2.530886540705488,1.0867120372145345,2.751546438099071,1.472722354838747,2.0621684104012132
2002,2.5033644083458118,0.3500531069336962,3.1129429481130146,-0.49238521345752295,2.779261687034369,1.8117633844003334,3.250370565107174,1.933972134961848,1.933972134961848,3.116229844908693,1.7610488839917744,2.744358743775767,2.3424032271686492,3.0959129121482145,2.0565276677521624,2.4337271683223696,2.348211275475058,0.7230177661136743,3.27082655528237,3.7727203366274615,1.496318833112565,2.571544075286681,2.719717631526357,3.079499680279525,2.7063145153971107,2.8341513755292027,1.9208869768635968,2.540309672009138,1.9926460345803458,1.5020238667857484,2.6283166228010386,2.4918940358597323,1.0087622781136183,2.9252361584728592,1.3874943030596236,2.173810923770978
2003,2.402554680142205,0.8552711139725223,3.2731645424350355,0.2975856055341757,2.7580918559348517,1.729226564838786,3.183224856122246,2.162438786715989,2.162438786715989,3.0300848926312054,1.7258093538278678,2.6533341407361837,2.429551611242495,3.071129114924907,2.010215862037604,2.364995247338169,2.3982318378870726,0.851605669433972,3.024333440072107,3.683286145563816,1.8348191228966435,2.527787385537538,2.538984517484704,3.0219965463716907,2.4693911807182847,2.9089926141659794,2.02618253514168,2.458205039908815,2.1165556710963003,1.4278971839795842,2.4866742104333763,2.5649347474025754,1.0210457253612664,2.8309017932418197,1.3643073616108972,2.1971992886805807
2004,2.244088871013345,1.0546502728526337,3.1760474851986844,0.7771730336628366,2.7492950552930973,1.7429256966065803,3.1597909431906532,2.1679841021139006,2.1679841021139006,3.0163744087332085,1.9048353115353178,2.365384917558211,2.5446189972689552,3.2692314790617503,1.9945654285038084,2.1579278346915642,2.4284971100770583,0.9351430474175189,2.853861541026404,3.671051764771055,2.2739674862479777,2.5112688176527462,2.6049464240776996,2.8957433848957814,2.4750458369079618,2.827671757583556,2.0183663123367284,2.4111878859607305,2.3677897651524122,1.6553735673377892,2.4503228437811773,2.7916246551802235,1.0437843543358614,2.9731361019981333,1.3866490610827413,2.2071693142871425
2005,2.0594667525838144,0.9053727214651388,3.187300069019674,1.1957629624505264,2.853975237764309,1.8273255770683676,3.1215110511930755,2.1758827641967824,2.1758827641967824,2.913330234320308,1.9957818807425602,2.439028658804734,2.501149630430776,3.3620843545262664,1.9598976770078005,2.1502347042175787,2.5409245059478085,1.051552539097656,2.7359549305091964,3.5513678714087487,2.370586718478264,2.479376843554095,2.7198794149915932,2.8157505998773313,2.4641740312030302,2.9851640401420947,1.9618856839287147,2.2411852848497436,2.478367845397122,1.926808680113213,2.3805607987280757,2.387421766214044,1.1779176187148372,3.2797044489404716,1.3465396761460744,2.209056954552854
2006,1.8742365056031312,1.0150961967871936,3.0696792540241753,1.716693337255075,2.7599736662652226,2.202006656196097,3.0326438115891134,2.3228558503996926,2.3228558503996926,2.7927619783559354,1.9939219820538983,2.3197676327688015,2.4650031057959563,3.471009823696188,2.0189607377468732,2.2469960857426865,2.5916572001657463,0.991929403010132,2.7645288838396294,3.6309127761372775,2.1637157079113094,2.50565766335835,2.848148183427424,2.73327719341202,2.554092406807269,3.2268448120577715,1.9423739172136185,2.3370077418693516,2.4551417238731035,2.0940687821262878,2.285750168749764,2.3924239720627583,1.2782121859861275,3.337189995761286,1.3474365130910344,2.2139486562208033
2007,1.7030696600423305,1.1456277439336404,3.146924664208861,1.6969135302683955,2.85288121377569,2.545876680523161,3.071830272707953,2.319395471551613,2.319395471551613,2.646905006771909,1.9332757433501657,2.347648592283671,2.4802728778614984,3.7096833658321042,2.0724343708073323,2.440157798250694,2.6433625201592554,1.1782148521364293,2.677653439337706,3.7027285815219844,2.2819659662284457,2.503894877153451,3.0709917764485377,2.7266346158362036,2.485374150653054,3.3823447910557807,2.066496146356974,2.516060525311847,2.4565143894569874,2.272673435490586,2.4604416868074876,2.640516267164849,1.4008101891650602,3.47237903671531,1.3023383971830818,2.2962764930416735
2008,1.758915960493951,1.2202460232547259,3.1768995105766664,1.6866749054580703,2.9070691129922355,2.7014768194793404,3.2462188713040128,2.5820934508765427,2.5820934508765427,2.5531489346651464,2.0523038513756084,2.15651710333711,2.513263111299996,3.7735582758972956,2.136877654542941,2.4237065919650274,2.56218016849288,1.1947728810073308,2.6940005542483565,3.9633868000818633,2.353039242848177,2.5728722475755172,3.0066143208424503,2.6035959960363595,2.670007775842358,3.418660570079442,2.170533225674419,2.4699901395492407,2.53693626236145,2.4368689571017104,2.5597853593500157,2.722526813710013,1.4786099155025296,3.537202548565767,1.420443498822164,2.156605227001709
2009,1.7143492564450666,1.296653779728446,3.213839259282271,1.5128708607300294,2.9856171477750637,2.7055663293241534,3.211102518298114,2.621067206961733,2.621067206961733,2.397779327529091,2.118013477468377,2.230680206305503,2.550721911403474,3.6491451535097528,2.1271641794056513,2.4688499104142716,2.5344974435527146,1.440109559033107,2.713818045403428,3.9474154481730257,2.379358566938799,2.6205069160229826,3.0737282418078506,2.538237262803361,2.7704371126347764,3.3298435199301424,2.1816392595717407,2.410155575374503,2.6574164461885483,2.4409183318305994,2.5144772242041755,2.5694475112207407,1.527070936142081,3.6198609133601027,1.3964255933207197,2.1113832417436624
2010,1.5807096808111667,1.5991283856220668,3.2023896918672605,1.415709593309043,2.9797705113102424,2.755504296630993,3.139244945836445,2.717653832004613,2.717653832004613,2.2766128194538515,2.0756752301337413,2.2227650387393516,2.6614502676003435,3.748687445019939,2.163552616539689,2.500964702114855,2.62253250807225,1.6602339808067985,2.6550581264493185,3.8372894125852057,2.34620224029754,2.779591771140571,3.1478020235060686,2.4619263804023377,2.9299730211964405,3.285886247048876,2.1654056277446396,2.3036824049774616,2.697210283858997,2.4414400657669852,2.5042484931579057,2.299733158427363,1.5891208505907801,3.6844643690479173,1.4449785908671817,2.2192176764381677
2011,1.73601239638339,1.7775351070170997,3.140029348494893,1.369860579095484,3.044490725947521,2.528919140337607,3.167632253566962,2.813535962045685,2.813535962045685,2.3785201892236945,2.018381892665179,2.488225860892283,2.6686448356735806,3.709317956382493,2.146825470524774,2.579216016889384,2.651835222693558,1.7581992242160749,2.618481956913437,3.632558263670752,2.3217512051910996,2.7594990525939065,3.245584499619595,2.3520435111238456,2.897811335080363,3.1325548213237795,2.1726429991183704,2.2679198399702174,2.655032313134469,2.4537856061221786,2.286558318994052,2.211483304033183,1.714517026807228,3.521670415772768,1.4976176640083954,2.215586279281981
2012,1.5359731559908965,1.888663092225388,3.250167664375618,1.2670800030209397,2.986723976863689,2.468208188524775,3.0960338837999086,2.747361043502745,2.747361043502745,2.5902535245342855,2.0043356402964587,2.534609134762674,2.713094708455125,3.751642966732167,2.2417154049683337,2.637618539894009,2.815294185353237,1.965944032958598,2.343648809852134,3.5680487349298136,2.1578083632812373,2.7986093720088774,3.4827354087919082,2.3080428025739734,2.947451505508947,2.959686908207318,2.1359135864951417,2.4499460537542794,2.7169109360216157,2.458916282877369,2.377398564684319,2.15002516010959,1.7066193346161578,3.6675004400452083,1.5835496665510602,2.2572793128975186
2013,1.4218265045100114,1.9127615916889589,3.2075493198167475,1.175935139222424,2.925319807205518,2.451534890992857,3.2032984314416515,2.684932140458339,2.684932140458339,2.734103542184782,2.055065713251168,2.527447915471629,2.7228934350516454,3.6566720395996803,2.381756056001514,2.65632110711721,2.921658016360374,2.1149970835457483,2.231264663661937,3.606925978276643,2.0938904786724373,2.684473529735898,3.4814398040248222,2.4499951934183875,2.894592576034652,2.9164283194847416,2.1522584550710913,2.4053721777412007,2.6689513094860318,2.3516195729139064,2.521914978585771,2.0934278863569773,1.7081188627416455,3.7495069810484205,1.6426211635418186,2.3193988639950027
2014,1.2814447105226372,1.9992948323414628,3.101094980153693,1.4257756604768945,2.86420595330427,2.386712759722041,3.0885009080393866,2.5763412270526342,2.5763412270526342,2.770453305461544,2.0649239208373844,2.637709498130332,2.64918268664712,3.4987191442756598,2.357703661977554,2.6929705525373504,3.020754366324646,2.1643519569887033,2.199742770628767,3.4868457613787607,2.0269947768051644,2.6893101430861246,3.3587122631112893,2.5020936266935285,2.9955171807908645,2.5974981135532613,2.062277112423617,2.528934304594981,2.7533366315525343,2.4469634085704577,2.571097210465737,1.9925700700615316,1.7275622904249963,3.6556700840402843,1.669274450323086,2.360453777949988
2015,1.0930147270048542,2.043878314356758,3.03399262975473,1.4693231289709194,2.8453310215197596,2.361418450058127,3.04968960197081,2.5607919280000475,2.5607919280000475,2.7907833030683697,2.0646572713799745,2.6916650397729893,2.647050697412419,3.3620183523545086,2.273344992629305,2.701703412537012,3.1469092917024466,2.1540465766014485,2.31174919227357,3.582203634381956,1.9853107324857926,2.585129041306935,3.366814475165816,2.4747203350095366,3.1514421811911153,2.335743041473414,2.092773207153845,2.4623010884049696,2.6856661877918513,2.53685193406374,2.483217681290405,1.916548023222968,1.6790646208981803,3.4790193430714567,1.656979017852439,2.255985137720892
2016,1.155890795921685,2.0844789062555877,2.916097025054018,1.438503377934063,2.823925936201623,2.3306634783310964,2.9527894064962874,2.6763293966705315,2.6763293966705315,2.7331172332034,2.0970342311994914,2.737709018355447,2.6432188738495292,3.303944598671421,2.17833207628007,2.6682398051731133,3.184710878290552,1.9465783185226377,2.3037710489636423,3.5472932631230534,2.078800214391082,2.516456584206595,3.251170416666809,2.5645959011852324,3.084753345899162,2.3767811682504436,2.165824165505233,2.4440408941832708,2.629844127394042,2.6064481744347474,2.3819707529059078,1.8327213332893497,1.7750513400287766,3.33712205627851,1.658014901836447,2.14978205231181
2017,1.1375811573727768,2.1013713092599025,2.9227147666354667,1.6452489148144185,2.8292308913808966,2.327078087591758,2.911896100061044,2.6829889421266655,2.6829889421266655,2.6918985636487403,2.060610153989309,2.7726482349941315,2.616631304824579,3.2564953620495043,2.171855456776405,2.5865169407724973,3.1192123820454247,1.794615604862165,2.3327852572604324,3.3969575002285204,2.160333731540685,2.409367737188752,3.164413874170607,2.5658237222713045,3.2481652913049226,2.37914988521303,2.316283693134779,2.3603878800467513,2.6539598144172896,2.5663520321481337,2.3166323690213924,1.987502629381682,1.8854015445569952,3.249571906723697,1.6831503258232465,2.1254763138324217
2018,1.0593844184641572,1.9297026945540519,2.9374758059238384,1.8524339365741236,2.8275926408986174,2.3631118107992104,2.8511938801364916,2.7922142526065286,2.7922142526065286,2.6973553172704525,2.126725826117059,2.8964852947468227,2.6042920191214556,3.2311638191808627,2.1352993527037487,2.5305638829161943,3.0878142270102455,1.7791463368519531,2.1710490182670545,3.209394232398686,2.2525861561208793,2.3904427106061275,3.2466273012348617,2.491506061588342,3.3095162204321986,2.2812436936411937,2.215275513416411,2.405346416805324,2.647727643401687,2.5390951483988577,2.3542892040464833,2.2350247314694385,2.082694699569387,3.2788478286697185,1.69678818115518,2.2110532088128507
2019,1.1042159739879294,1.7869315055479356,2.6506676690843647,1.7575555815066102,2.777149053988163,2.48404197886474,2.8289531457567687,2.8748195344723904,2.8748195344723904,2.664181366601589,2.2094606602459184,2.8548542633298353,2.592526649563149,3.1035372660310006,2.211049257930504,2.5257009204371093,3.1651953526798335,1.5665330600080862,1.9221702108504182,3.0719978460225317,2.3682145335582594,2.249555171534075,3.1687457312048495,2.521842452066226,3.3324601547864674,2.1665253727907787,2.1572214840150337,2.4384825523284843,2.65644313183669,2.5435141602769815,2.1800678634774027,2.1573234720011585,2.133311327795998,3.1741401334927115,1.8226086395776562,2.2590499481675463
2020,1.0779600988049143,1.9608849701016136,2.5999109182523212,1.774891890732035,2.735515687406404,2.4801148818926766,2.715234713132004,2.850086488878067,2.850086488878067,2.647259469625713,2.2727355610242004,2.9904604701651554,2.601414787206137,2.950962977816732,2.305412647283637,2.45597743126262,3.0731281643032604,1.4882631516964298,1.8907222960681533,2.951142130695963,2.399466854928296,2.0969537152158,3.200179374306242,2.565115581393037,3.454388876842058,2.3244737601832393,2.317709911480878,2.372081197720926,2.7398542194242057,2.621902383461623,2.1265709557676002,1.8923398940012661,2.1545774391379253,3.186290230612822,1.8033889342529605,2.2802815383268813
2021,0.9315861167182814,2.060288901306949,2.5738175526351297,2.0494057799002583,2.6554853004610157,2.554666323997926,2.7698834625424067,2.9009349289398685,2.9009349289398685,2.591639235786791,2.344377136618044,2.9898288278317517,2.581081480563379,2.840358353021499,2.2941211772739476,2.429043727701841,3.0612506571773634,1.689370457559175,1.7952767005888142,2.86376880133954,2.3972095291121733,1.9377896501657275,3.2146620377608346,2.675618514333696,3.478729297119754,2.234499348035445,2.4274097041861555,2.3628973482107076,2.709293128070057,2.624299257174555,2.2365250247218507,1.9020712633764494,2.2726799305477816,3.1550707524183927,1.7734746594033746,2.2779921115505593
2022,0.762628541802154,2.1521185316435427,2.625184060800611,2.4547166348410165,2.637413532126915,2.7578426138160372,2.7454124669101185,2.8918107716877453,2.8918107716877453,2.626932376151383,2.4924315500102567,2.894675994077089,2.574493612636506,2.890614288222948,2.4357160567565077,2.3931042127692277,2.946907117350956,1.952031586850954,1.6927137462482043,2.5775842147212775,2.480696982822135,1.9797961144626863,3.1926882016672167,2.7697864345503795,3.468795299664011,2.155319047645654,2.5711833826973947,2.388782683416676,2.75016806949148,2.6202872804644186,2.208022225968956,1.880728721951776,2.247350615827305,3.303254846832869,1.83120428311882,2.1867564907280177
2023,0.5503039022793833,2.1992488292600467,2.611106598657908,2.961809822219672,2.668486807159642,2.8153532222436874,2.785905989314954,2.9349812029088236,2.9349812029088236,2.6407727489946677,2.6179883549199823,2.7054279139050985,2.569551867370699,2.902905544193919,2.496679521278849,2.414081202315043,2.817622272041312,2.1988161384397436,1.6914481006062427,2.37634281204856,2.574857682233246,1.8957866316858345,3.0988586294607887,2.839880054756626,3.584712220175516,2.2292019265018577,2.705191649064869,2.339709648958095,2.756352522917349,2.697116042454613,2.2525591759260912,1.9034870825994452,2.236693310000205,3.368842420946932,1.9117543888262813,2.0135353168280643
2024,0.46929911566752475,2.1286065719434455,2.6310309772853446,3.3497141067160316,2.5331878270757002,2.893122655597282,2.762419364433302,2.822066576143658,2.822066576143658,2.6434406175895977,2.7027166779945575,2.6651031042543885,2.623794642982487,2.8170181653091384,2.4527240409132416,2.2876818224023534,2.777144284224621,2.0810467130539054,1.573983260961876,2.2390212331166564,2.658021651210882,1.9217384779086983,2.893217752489089,2.9793404071769745,3.7272721048995368,2.2131321790140097,2.8398788438221456,2.365361739579971,2.6995186728456475,2.8102169520603892,2.301139203664029,1.8138881233607977,2.1100339393967484,3.473224825569246,2.0032793187453333,1.917646187720368
2025,0.49455181179593405,2.1407687450299284,2.8006713295622125,3.464379569866832,2.4889285199676134,2.9076853823044844,2.7757449293179164,2.872093805319631,2.872093805319631,2.649909025040101,2.7845497278764233,2.5664446891325956,2.5810763930096874,2.7432149923773492,2.5026104033899776,2.280697654010974,2.68882056665462,2.2287489324279317,1.4118230403766507,2.124651119866878,2.560888919806375,1.9581837963143323,2.8327100093542303,3.07000641855908,3.70235677194401,2.26723294059192,3.0189104539579494,2.2826600363468788,2.6319662653348725,2.884002140564919,2.326385764143951,1.800636692525412,2.035774073145156,3.4211446630301947,2.0460759517941516,2.0401788443102085
2026,0.44760767521653505,2.158372816941959,2.852936203747156,3.369989579638951,2.442462680519068,3.00848201056357,2.6735356138852437,2.8922333793230517,2.8922333793230517,2.7223289409814186,2.7400676057170195,2.4267135303402765,2.6654726634261774,2.4947999232837264,2.565965352468963,2.3026617895254917,2.5908618682199798,2.407190237062918,1.3617746753916462,1.8514859349923118,2.544264382510252,1.9720264085017085,2.708598529661486,3.232582483110638,3.698340736560672,2.253377618721901,3.069362226959853,2.310731650731174,2.6436838660813304,2.9497753194937717,2.3411961538719743,1.8299008083074328,2.0504001593806813,3.5187711302894393,2.1104648148576355,2.0404390415728995
2027,0.4614184075757213,2.2870966098461865,2.823962889235533,3.170153434242201,2.4294453991097043,3.122923376555575,2.5997868399775697,2.860115134239869,2.860115134239869,2.80713427534366,2.7548955059187255,2.312215300477533,2.7099765174938746,2.4179514335884735,2.583837646292499,2.2483407138918277,2.4939796953033913,2.499402697063533,1.3127609777281382,1.7787419240468745,2.4939258167998197,1.9634321773018757,2.713511809916365,3.305609180348674,3.484181116834693,2.2233576733719653,3.1517369114666436,2.38158530406545,2.6447873331910428,2.974283043147079,2.341032804728128,1.9798866463979579,2.0387318350802577,3.544191685243306,2.1906141661711245,2.1644603208917403
2028,0.4002943215104492,2.4023582903194236,2.7078025051094134,3.078719828598521,2.379244227641582,3.124975583204954,2.5475979720729747,2.818362405092674,2.818362405092674,2.7691755899617307,2.8230352983665234,2.374802784528948,2.7242260788237713,2.2515088425816616,2.6890022321968337,2.284154142565877,2.5233915638629396,2.740581332879632,1.3519071965829907,1.6998560495168389,2.5510057540424054,2.075681035968556,2.662328030374385,3.365455254600483,3.43578052780551,2.236851582167015,3.2459910127942986,2.5860473355135105,2.6966451842405985,2.8864526571856346,2.389738074210752,1.8346019829897615,1.9909882183539478,3.5115986883796957,2.3241551321400644,2.2869771808548696
2029,0.13353314630381335,2.3169431347305527,2.6712949257250203,3.0494903662268604,2.3597820159243037,2.9416642169273137,2.4529245117827068,2.6628470964408635,2.6628470964408635,2.7857440006759355,2.999463941003729,2.444762747821609,2.7162322604667657,2.109030592963314,2.687740719732299,2.3236564073519705,2.4900607038267304,2.7367381519701746,1.2235723023496343,1.7278832819004528,2.562871285363545,2.072417634706074,2.7828436042200355,3.4860500563641743,3.3635026005022004,2.194153547384175,3.442513968823666,2.6750352087431186,2.678942525374117,2.8550977284136154,2.380230730570523,1.7864613513974894,1.9822576345964775,3.5112190190775574,2.4379575108023577,2.465883918042897
2030,-0.03691304270597896,2.3469283797268337,2.6050576600589275,3.155408151965893,2.2971785151218853,2.8479450822873034,2.3786329709192455,2.621589209964912,2.621589209964912,2.8244414574429997,3.101604045541171,2.4535797913020163,2.680724021373823,2.128340639717637,2.746473132793734,2.3368242187409805,2.520137793207418,2.7063568074988584,1.011679159365888,1.686587420391256,2.535404628869555,2.0801310825611665,2.776251869066003,3.576235685183808,3.3917850460768437,2.3393930948500685,3.4122099192453614,2.6453197953536596,2.53233781732644,2.775139904694134,2.306810611002738,1.9075455687345182,1.9669290734798994,3.5425080767565906,2.580425701514909,2.6620680751995427
2031,0.13285024732464712,2.408968242219734,2.5442475729679517,3.0911064813136195,2.3087410411205824,2.7298894823829953,2.380965293114954,2.566057542626791,2.566057542626791,2.8231106557722323,3.1201458273754135,2.4199793699269674,2.7124505413486797,2.0242579007138017,2.8282050662270306,2.228552503058685,2.520178196906279,2.729088741374845,0.9431376453092326,1.5586226614555105,2.598095617851955,2.1668304211334233,2.7100890407069977,3.6724556848994143,3.192815575504643,2.3901978879087844,3.168199415987057,2.613463337679507,2.5261755431648902,2.6749860361775655,2.265870729923707,1.9971430284614826,2.008083337442663,3.4749907372920505,2.5409275654957177,2.722857806790059
2032,0.3440618941407659,2.29679048678762,2.2984534287981107,2.933906059418519,2.385549032064064,2.813254135932059,2.3834481314816007,2.4938227635107935,2.4938227635107935,2.8395471276809996,3.0669536363877277,2.433817953420877,2.7560301366182958,1.9624129234008754,2.7945642323059725,2.227824660202923,2.447442151681384,2.5043042668642905,0.9473317905291639,1.3681878439122201,2.6293293507953397,2.2728105842711073,2.640058478544468,3.785290023721112,3.050821575731927,2.4051912846583567,3.081809269639252,2.6016930672072993,2.4606032367865143,2.5693426620537156,2.2039140181535966,1.9768929404193427,2.0549112224722883,3.283301097245426,2.4596435357730866,2.707597800734662
2033,0.4586892726264029,2.238290054333697,2.2139154022175145,2.8637455881902785,2.3700959230177743,2.800334439965195,2.4188950448212316,2.520505865386458,2.520505865386458,2.742602486149043,3.1026975580611493,2.583943230370709,2.7281359034744472,2.0099870233416124,2.7856234489938188,2.1972942262788218,2.3538748232302678,2.3549988173605487,1.0097263530667873,1.2994457329675162,2.491419160286771,2.284114580493041,2.565584325658515,3.725993805218021,2.9257988873627383,2.4141558793890887,2.913970335399816,2.481666529420612,2.3801831402249434,2.503193124240074,2.1398182189231423,2.1358819176815134,2.050599368843123,3.148330162616771,2.491399143431082,2.8090452425132324
2034,0.45297918570025525,2.3382933430492705,2.1996236707178496,2.6834254588756696,2.4087873239017488,2.7206040867639714,2.477518260224022,2.5704941343530407,2.5704941343530407,2.7933003981834474,3.0277161964715393,2.528682062570164,2.684476160639737,2.0106487970884,2.8332629080336242,2.1173399396693635,2.356736067584691,2.7779926383174107,0.9994494152329546,1.4273193847204255,2.4869063022907794,2.455582190573407,2.5654924489568747,3.791104979789219,2.85615752478848,2.3879906758552814,2.799277149023513,2.3257148759850144,2.391278736044652,2.441483173302024,2.0923214160617465,2.2363661753618205,2.0467829131755577,2.9355599765758793,2.481242535672497,2.839752877563469
2035,0.6653591562240342,2.4923871749832247,2.0616094154020215,2.831110307721654,2.572774093112314,2.8306444058000704,2.5944275870091142,2.6587753513275616,2.6587753513275616,2.91686111838241,3.053426621702917,2.4669405388819112,2.7957862538374862,1.9873475641426983,2.773319176381525,2.1710424244973914,2.3990376658096126,3.0184332259128004,1.142749501603589,1.4577367318643826,2.5121457009106205,2.606270306537688,2.681802789408339,3.8730360596991695,2.6835566526330386,2.2116684707399843,2.787385383194857,2.3298988202229904,2.40042318208778,2.468185301371385,1.9951650317102372,2.331453571002426,2.014939056609043,2.9369021538692475,2.531733309775811,3.014799239434164
2036,0.9341707171549452,2.5961115970657698,1.9717100327536288,2.738259215091713,2.549736604121314,2.843078395963635,2.6850500684315386,2.615614940016812,2.615614940016812,2.975732438257827,2.9981255084738425,2.4995174654225933,2.8312862985303053,1.8136819548336258,2.7034412234105476,2.3304415301098986,2.4141542920478036,3.143045110880524,1.263545321754081,1.3866318441275225,2.5014095066484425,2.698316552268469,2.6839117769701897,3.9338582324289475,2.7432918379503275,2.279172947824073,2.8477280975106827,2.383024607218836,2.3999645442389927,2.5317835670508444,1.9775448952540333,2.4482268938652485,2.1031909576301966,2.8594238206211675,2.493724209921192,3.305747987255638
2037,0.9325168051328909,2.5909113139874016,1.7328938139511711,2.5862144193605943,2.511834928009418,2.9680171297937736,2.8083980102428114,2.6183184025449777,2.6183184025449777,3.02383305449996,2.905710576305365,2.2684508638592598,2.7884295333089213,1.8123234770285055,2.762074613752019,2.4494982622039743,2.350412108682225,3.0502668869579797,1.3249141147441543,1.4412267223710127,2.4647714611983464,2.6999211726001007,2.4173354630565664,3.9382667110981457,2.728958055441225,2.274250788232545,2.801725463078455,2.4595578407736944,2.477303822588775,2.5740401847044674,2.0173630590303353,2.5546441271012066,2.191089259744138,2.8977671386309583,2.5037048559898234,3.290198525108932
2038,1.152257765363753,2.549439859133741,1.5815437098898246,2.524822401933434,2.4343684002250017,3.0554361620430357,2.817779879242954,2.6453828846144676,2.6453828846144676,3.0225475033215163,2.84514193786141,2.1822332671587232,2.7047945383232763,1.7031136392033932,2.822230625586416,2.520276883516847,2.1832672224880545,3.2438778987335404,1.3525091396727873,1.3285460573346424,2.3685187302652024,2.6389104100787235,2.3775842106624787,4.027289810064168,2.521563007836297,2.4510261971487637,2.8521606099084122,2.4885245113338352,2.4782296762953426,2.562096359314562,2.027376731803032,2.7867995443471565,2.242443700292795,2.8644376538230585,2.5414853104882718,3.2658213262808773
2039,1.2408806506317942,2.607885282030934,1.448465124444294,2.403103566880124,2.3789014823998316,3.0642840834026095,2.757242055884434,2.6108825625096044,2.6108825625096044,3.097306499537036,2.7550620364418577,2.069657567957709,2.493246429449394,1.620961566959048,2.7311669988208456,2.6707296203283133,2.131821480587643,3.3421358727584893,1.4415762411130166,1.2939216234442188,2.311887916285429,2.532300264529231,2.469434269920732,4.125021943429221,2.635402705279425,2.7159282751987543,2.6696935303194405,2.343984904220722,2.451690116665112,2.3331325490614545,2.064947758911393,2.8699905093761515,2.2618029027997473,2.77013058434049,2.386211530237747,3.240736668104582
2040,1.019758906704747,2.895741892775079,1.493183453304897,2.4023016293937474,2.3477565110096092,3.0577971617346993,2.6782651568339646,2.685423903005355,2.685423903005355,3.123246081393896,2.8283797559617767,1.9960789584777396,2.2717290689158243,1.5750409544170427,2.7684230970940162,2.7107334388697613,2.125186564833673,3.3712377256971906,1.3658934536365357,1.3069099877385237,2.24513781175891,2.3654973301430253,2.358271783734441,4.077006249287225,2.597755586385128,2.749591157352912,2.5747501507534998,2.1727737146809454,2.500898345483717,2.2702030373328284,2.080583525556315,2.924213661542494,2.3255287945922087,2.681417940754425,2.3411898957379567,3.378745367376888
2041,1.0700972707976413,3.2167646806674117,1.4616148347897457,2.3023311909381285,2.218200468450302,3.0438360277608756,2.587658961372216,2.729214891956753,2.729214891956753,3.102451737103701,2.8047866228730647,1.9687300819650977,2.0889719813875054,1.5601762734310771,2.794642675600457,2.6768179037318696,1.916116245959421,3.485738113747245,1.4094674011937343,1.3475230013655521,2.1753698119617324,2.1938613038881383,2.3657144076889716,4.087657623676869,2.666569494367914,2.740217810718497,2.3707767242824738,2.148750952737191,2.5634202937047252,2.2008254220878567,2.12658287782082,3.067098835004112,2.355453859482376,2.6365020666224237,2.421441111222826,3.186138908918671
2042,1.0887673844841939,3.1480850490731105,1.56969520429561,2.2371584909760704,2.221373276952463,3.0126566175786538,2.6383875080433934,2.847904108886848,2.847904108886848,3.060446832432973,2.780876378533295,1.9498449744630502,2.0470623357812294,1.746517170178232,2.89684268456673,2.702926561730227,1.8594507418544663,3.6134878469122294,1.57988722063599,1.3861815580648396,2.124209251760312,2.0550151636763188,2.4540621604886725,4.133312073387115,2.7104972280535082,2.9125197791335053,2.4637692545145304,1.9782094958297614,2.699454920890341,1.917357518401831,2.1123304736780213,3.1423316996024417,2.3965394273842806,2.569015998240468,2.4652346455334744,3.520783809316983
2043,1.0054781921117408,3.2781547432062124,1.746388038774304,2.2528717608948967,2.288415247090619,2.96495904437695,2.6992546927388044,2.994359573471604,2.994359573471604,3.047085846988817,2.741665370276322,1.8859517324876482,2.087624705027942,1.7913999052032945,2.822070578842178,2.770128611742178,1.7564365688161823,3.521290920182511,1.5958391374669234,1.321828861944276,2.1160328800853208,1.9579400526610011,2.3823151280351524,4.135794634578672,2.752218484948922,2.9060357212698014,2.447278281196405,1.9886115002080773,2.63955928338959,1.6916889122099277,2.2121113807732247,3.263556242880709,2.4495964383654565,2.542231118969955,2.3968226133822035,3.4443104096420147
2044,0.943898551619762,3.403207478721556,1.8198304128700635,2.141950747705111,2.2903207009952697,2.9146942246562855,2.6934532025708484,3.1413347502560307,3.1413347502560307,3.139787913117963,2.700449877037949,1.854832137005064,2.1174666147117094,1.8374161880325803,2.722886939777738,2.74455333289741,1.7712590491203244,3.570744402887699,1.748716736425272,1.3483490172308024,2.0648877854650856,1.8124498886041478,2.2412609528401646,4.14409786502864,2.725729359957019,2.7974923217119803,2.514078729952792,1.9786790169682809,2.573550852482078,1.6695805834877455,2.129869269378375,3.3730578481976834,2.399015862533453,2.430745716752082,2.4720259855812405,3.309481007552518
2045,0.9403845687156591,3.3591481508237413,1.8877641242342313,2.015853389786951,2.3830079412681067,2.8561553904437167,2.725718964654389,3.174994407196928,3.174994407196928,3.169604444467942,2.6658603230964517,1.683168260342173,2.005824175738607,1.8537717890756964,2.6425833109549948,2.6388596070324284,1.6945804891043308,3.621431770807066,1.8238832125822517,1.4328319451864837,1.9528479806931145,1.8624897538247496,2.30289337652905,4.060534454960861,2.7169998951551295,2.7658360853901254,2.5227243371670776,1.8988276869911813,2.569469367619557,1.689892379837667,2.078447426982591,3.400772195031146,2.3614462232863884,2.4602093064944888,2.4307106133329297,3.474258034009412
2046,0.851930868075561,3.3844142659696246,2.1519100748642574,2.065726612524351,2.386657894720822,2.7870592147177957,2.862875419569395,3.282278387450831,3.282278387450831,3.1745192559142863,2.658976680404615,1.4915215319961859,2.0254500721828834,1.8446861654952407,2.6447945217698368,2.5790736847402136,1.874177490185053,3.6685608149923765,1.902715543256696,1.508029285533416,2.001661236675998,1.726102890173441,2.1752489022043666,4.015631461430844,2.5689621171550963,2.694673965173778,2.724873832903138,1.8498387164666497,2.5705464019315682,1.5402090633632224,2.0270645895248136,3.45613278858151,2.3083985534012896,2.4252517855141185,2.322750147813484,3.385096875530035
2047,0.9210995878500696,3.370887232387139,2.151925490447533,2.2581844331320062,2.464354039525254,2.7704708843875796,2.950872484159524,3.2996776835908634,3.2996776835908634,3.168108922552536,2.6353415159598534,1.3860189293255214,2.104445738247788,2.0514506462774076,2.665600114361661,2.576387799885361,1.822286030422682,3.6251563166785035,1.9565135793478203,1.6211808754736665,2.1710555115649655,1.6540380096020275,2.0281051481232515,4.094374627095053,2.553178137615816,2.694922028201269,2.7042256725674334,1.8165566596127132,2.6268415652836627,1.4111378402995658,2.1323703442516075,3.491777440531351,2.316700528145105,2.363611406196169,2.3810861539976007,3.2879260460850577
2048,0.8753704597670409,3.2863336429119956,2.2818646845547383,2.2369536627750612,2.466122169716691,2.780990884075755,3.074072526359125,3.2953275753693005,3.2953275753693005,3.244479145168201,2.5847148957966026,1.2852365408148634,2.165833632437218,2.172004583224114,2.6400019389275635,2.704024598852175,1.8519009079250455,3.720990288983809,1.9600348961998542,1.6547924372397114,2.2449457457531135,1.676418140776241,2.0828080244604394,4.020229923675196,2.5287202335444943,2.78117450978135,2.6887921600444726,1.7917099379450927,2.6400019389275635,1.4311352906320554,2.0441318241503894,3.433781037548228,2.409992979014299,2.374235264544394,2.351865465515765,3.0707426004091514
2049,0.7681465571815598,3.3294953532871023,2.1017616251193907,2.4245934937449176,2.4581271641659534,2.8662640821944874,3.086989922817224,3.316278448233321,3.316278448233321,3.241728921042357,2.5366437752655964,1.1279868069259238,2.2154731397930565,2.3447980367545025,2.677996244909892,2.7922177056801996,2.0635275430941697,3.609294044438965,1.943508518129308,1.7826042009655345,2.3171863989301027,1.7669252007401086,2.239153250768664,3.83881537570576,2.4629260523953427,2.8476522358418945,2.6175891810624163,1.8722306675557872,2.677996244909892,1.4515780805397474,1.8920818995867128,3.534929591349303,2.473853789436375,2.3480611146599877,2.4227460584748837,3.1505657313937605
2050,0.5603656402907623,3.3731115627797323,2.1394841018249933,2.4841510654044714,2.5914255262248176,2.9649361574463606,2.9194401529694107,3.2912918137729648,3.2912918137729648,3.1312888833653054,2.5741052781041645,1.0707014356523,2.2417316902085607,2.5250596548725794,2.629458713778215,2.90256877211676,2.131540155289152,3.4518528656673224,1.8445727895121824,1.8082180933072671,2.351113593986313,1.8101809664982997,2.3157466316882314,3.746396012034891,2.4037687889978123,2.7813233119168235,2.461007542902947,2.0934449353848112,2.629458713778215,1.5401188977455658,1.973031479342838,3.6064009022068415,2.5463306871588265,2.2963749160382605,2.352167348322427,3.183394872782419
2051,0.44061967534458735,3.3645896877148807,2.090147555703688,2.7401808921598474,2.582399619135942,3.0239431925740243,2.8716067335870203,3.2501399581584214,3.2501399581584214,3.1084373423222,2.7199689719257534,1.03932792219836,2.2018489664438032,2.6007328206946663,2.619674904453044,2.895934019780387,2.1532151016414995,3.1704087067936855,1.8887981206571212,1.9426632758398321,2.4057118220031817,1.803875118128577,2.3418442778204556,3.5934472744860213,2.4971419597871707,2.7172525776108216,2.5893713834389205,2.100704159110221,2.619674904453044,1.5967471633283952,1.9993233067681933,3.6457826039030343,2.668704378336714,2.213943200953472,2.4025819994564714,2.8727680282673638
2052,0.37645173578610364,3.4934571202817333,2.1434908694297845,2.732925058343317,2.5808195220678463,3.0269750760053062,2.82659277578796,3.220959084035779,3.220959084035779,3.031905404714555,2.7575073606871667,1.107700382683562,2.210356964267491,2.7869140976390363,2.6088164538846668,3.0202989644660505,2.327432878013795,3.0889985966175004,1.8721173328743064,1.8862807638807797,2.4876701708813087,1.7699127781443436,2.4687862049120652,3.461100617496776,2.4949277604124562,2.663488376141112,2.4663331038016643,2.2908845675491896,2.6088164538846668,1.6113026899532705,1.819861331772704,3.619119514882333,2.627255195386846,2.1158314311852244,2.408382768214169,2.913200286536299
2053,0.37902135694372063,3.7174123421697143,2.2139534545317847,2.6005785642926815,2.529199583598279,3.0420786195627882,2.8704541197798714,3.1842781861401184,3.1842781861401184,2.9520750615787223,2.736249549151944,1.155981596844619,2.3393189784338615,2.8815641792760815,2.5467410400650285,3.006856377263456,2.543675665435736,2.9257128972551585,1.8353569555336298,1.9126556961911516,2.4053820377705297,1.9595051650530286,2.6816377525559667,3.3314066839486585,2.6016181952135193,2.548364637720518,2.2684385994883605,2.444803788799008,2.5467410400650285,1.6879780527292603,1.6986827044343686,3.5340265436636584,2.5828685533907794,2.1122575280148213,2.4208785623251927,3.042998311442811
2054,0.6583206533792949,3.7929419108957005,2.1397899050107667,2.739342948136817,2.569853359475226,3.0396535249744696,2.909557621403164,3.1622844261713445,3.1622844261713445,2.9619416397546923,2.7558231138351985,1.3676110569053315,2.4150494801139613,2.890190350487096,2.580618929851745,3.0734402655247672,2.63288844472745,2.7849469049523417,1.7629846131003826,1.8629483178515367,2.3777289013841774,1.959339452605209,2.8619961434204626,3.193637204530666,2.432904822571387,2.495405002229117,1.999793673268303,2.514809232777475,2.580618929851745,1.7265860296241116,1.6253897743377885,3.4950947316430434,2.6167291361359806,1.9941420217290058,2.387296051321486,3.1990417592693214
2055,0.5454814431688201,3.79560972434224,2.3198268909811377,2.78361128713476,2.4871402551807904,3.111610677808097,2.911727699005857,3.1042546695882964,3.1042546695882964,2.9106089568790887,2.6745387763077497,1.4616269737743246,2.4426595403250624,2.9207483342024294,2.6008125936189286,3.129697449195302,2.8581659850480317,2.7121320732609804,1.6254733088539608,1.8184053561630327,2.3767364877715127,1.988064064561738,3.0810945865131507,3.080918797943832,2.293945499373862,2.4685190928957583,1.9327051500213153,2.6088980850764583,2.6008125936189286,1.6941910985088071,1.597030283847086,3.4718311312854993,2.5804324099345575,1.9947675601796606,2.460545340881477,3.2238493003730286
2056,0.5485141226034487,3.7129347281597704,2.3003494030591836,2.657497562321432,2.484378169361232,3.011772631561446,2.8759681251930895,3.0278367775547963,3.0278367775547963,2.816888412213189,2.682932448302899,1.5742856168103394,2.4972980764892396,2.913558286172844,2.6045285385145753,3.149289123879192,3.0494291455620477,2.7231623347570864,1.596166495643486,1.8617919904109081,2.44260459624924,1.963994020600374,3.342141618832419,3.0736885649844914,2.258156985361214,2.426913947691932,1.8172915054047962,2.6748956062297577,2.6045285385145753,1.6703899287487123,1.854120264411503,3.348760591753779,2.6024410553934993,2.011739090614009,2.5878242913118266,3.400742845320887
2057,0.2690905490503602,3.65714657991031,2.154939190519612,2.6416254070529788,2.375495475565394,2.9527033170216046,2.8042649078533266,2.9051092493387527,2.9051092493387527,2.789492232532445,2.5852971777526395,1.763196894374496,2.5279412908081853,2.853317580737196,2.524721747668504,3.183930938302276,3.1275541168654386,2.580473333951501,1.5725911246875874,1.8745472410745492,2.437587376057966,2.200236667710421,3.3962503601245833,2.97090984857064,2.230749845656525,2.431845651788502,1.5576754609930084,2.7726074368796296,2.524721747668504,1.6952792280817102,2.04565955513986,3.1916290452472897,2.589949753313559,2.028395664353872,2.5547649622074733,3.53750942725448
2058,0.15989942002750188,3.6954658362801593,2.0415005801205925,2.4935528307883237,2.294666168427405,2.9217109215723442,2.7269406838708727,2.7851799086790043,2.7851799086790043,2.8078092232906053,2.5119657884902518,1.8722952006757876,2.5544017781246935,2.7470804678018785,2.4413795364008073,3.2641134712083906,3.28208292681098,2.4894919217552274,1.6008025729019921,2.06788769721798,2.438042298887566,2.060564875152085,3.504553293237566,2.7462866580709586,2.369557299711785,2.4136318431890045,1.4218603026114363,2.7600905515624126,2.4413795364008073,1.5920050188791932,2.1601930551896698,3.1789254432225142,2.4981616921189533,1.9740032659114575,2.482382485775171,3.3193038545090623
2059,0.02818169793614752,3.7558614787800204,2.1154850742226228,2.3533343614421702,2.177238425234437,2.907373115023314,2.624989301420467,2.6946902709858427,2.6946902709858427,2.8355489629901944,2.354957413346025,1.9347493408447405,2.580923135851991,2.7484270015839396,2.3590101288323666,3.2821868037919004,3.4485958422434035,2.1836496601834368,1.6212559672395535,2.2101037791924805,2.5714359167774434,2.103114647256965,3.447765678573558,2.6307098832098252,2.2891282858082165,2.4457101838565816,1.504014051543192,2.49610735721801,2.3590101288323666,1.5403889305957625,2.2499808677238877,3.0666168755167362,2.476883674505669,1.917534337372711,2.5717838654445315,3.0406101000721923
2060,0.03995081845384212,3.755813039128712,2.148366460465979,2.302285345076367,2.1065688097892217,2.9019194889011493,2.6164480347104027,2.5561698315521943,2.5561698315521943,2.8784001686524228,2.3528581139388756,1.9919791409703753,2.6037251975525004,2.719909821543349,2.3258998823682244,3.307668952012391,3.584779269521851,1.9114376610715813,1.6475112631791329,2.2090144441657626,2.5533330041576137,2.1255111594575444,3.2902580231049674,2.4841889134946,2.415877133452372,2.4319103204305996,1.946344542296184,2.3883671178911827,2.3258998823682244,1.476840586035278,2.182619725338261,3.0860241182269768,2.453595342677091,1.97658406081837,2.576933490984042,2.8697192990437608
2061,-0.4926234671879504,3.709599960591367,2.1210658789960286,2.2372920031913455,2.0118435142058906,2.8971161724203203,2.497855938675097,2.5385751514084425,2.5385751514084425,2.8716279020715225,2.3940672482935734,1.983167706979498,2.658317810733113,2.799229597697735,2.3657829550141423,3.300422010801681,3.7100807917323815,1.8944052789495456,1.6296727115419611,2.296466053812484,2.5959554747376825,2.194704708098141,3.289222361032617,2.418493965057471,2.405044488144569,2.277472972378646,2.1517379786184647,2.2145660573419317,2.3657829550141423,1.5144054964679754,2.135956161141847,3.0787280703319118,2.5025446617948797,1.9983639285374373,2.4844607373338587,3.0101892482535
2062,-0.6809170749203399,3.48229263299076,1.8096553315901807,2.2427624633794707,1.9396768464902483,2.8334194015257306,2.411153155542723,2.491270642551517,2.491270642551517,2.8596822447974564,2.427400110580539,2.0366056340820156,2.7556413560445954,2.856559185347369,2.4773669479920746,3.224540331137638,3.823548686207596,1.6771481665471255,1.536745587363589,2.3003383159052815,2.5835860108262305,2.1916894416328407,3.2374499204013225,2.324631322132442,2.3721344034828573,2.216947083219184,2.2500379214718533,2.089793294867442,2.4773669479920746,1.4133548638619984,2.0285558543291806,3.0483152115502374,2.461781360502677,2.0454013401709625,2.3733111773504034,2.899427635341584
2063,-0.8400201731425958,3.4274688192233116,1.7349644359925662,2.2507219677297505,1.8267672832949817,2.7935475386176996,2.3850899645918835,2.391414093893988,2.391414093893988,2.9254476541809837,2.5639410865988035,2.2790568303708483,2.803845370445357,2.8120267122454377,2.6259197965027234,3.1544804939672604,3.762228588344619,1.5277991729903322,1.5652753105359434,2.4232512500666283,2.649550846108679,2.217816490029494,3.2720818509866456,2.3089183053783136,2.596206209794123,2.091941873344264,2.4258738346984074,1.9633592644716686,2.6259197965027234,1.4028137193964378,1.976317601225303,2.965118154843373,2.4436400801535534,2.190699354038338,2.2358168994070216,2.7030570649886365
2064,-1.1644890988033139,3.348341221120124,1.9298758451469533,2.2942950311588426,1.8142569054737034,2.827635516624056,2.429365033259703,2.376633665751382,2.376633665751382,2.9771414559047913,2.7118647840225174,2.3742043283106002,2.7029758340840058,2.8470870384024494,2.6601035275054237,3.11445099199124,3.8617474554269147,1.4844762623209686,1.5376500551756636,2.439292148051271,2.74522312499895,2.1749133810450925,3.290003338450937,2.401931737218889,2.600961198795133,2.0495768658047613,2.433422592990935,1.9291854024130202,2.6601035275054237,1.4453263879321485,2.149221672866855,2.8455474759480626,2.470074159570791,2.246625132390617,2.1568243718740456,2.399734214523794
2065,-1.4022847089608443,3.3037219195537557,2.1814255909633493,2.4901043640086504,1.841685170278704,2.898760504124575,2.4565177565578633,2.309063487675302,2.309063487675302,3.062170921954089,2.733291876249644,2.276238588998316,2.7023187586077113,2.9824426592088193,2.724514253151388,3.060367042153809,3.785649999269056,1.2868905527885768,1.5060339119577832,2.3487678883357574,2.8026342212654005,2.2790197310096345,3.3360364434976577,2.43180719832607,2.5407452042519107,1.967878561196288,2.481755580200442,1.937267543803058,2.724514253151388,1.4464705326833338,2.249675379877455,2.903782241240798,2.5057915955720507,2.3395548677301825,2.18560848929687,2.2649104622022946
2066,-1.720734449005483,3.2326607420009053,2.5579378260078682,2.704655947788389,1.955107867288448,2.975293783425351,2.5440407225759785,2.296581730738081,2.296581730738081,3.1372169399109255,2.7269609327931645,2.206141125043537,2.6995250841782656,3.0912685296216065,2.701674928123289,2.95077751740701,3.809709227644143,1.218697474681169,1.5689277622128641,2.097446035036681,2.897861242776105,2.0957936748322483,3.3499620885674237,2.370129028846966,2.783639746356716,1.9248196838541496,2.4095910424133864,1.8841785204348251,2.701674928123289,1.6619247961012953,2.3851106632097956,2.8136941289643644,2.357237124324995,2.3614888698654934,2.088121854659357,2.2766655708089556
2067,-2.0286546650658868,3.0550740815226893,2.6744804366756,2.9876852915820997,1.887930599480331,3.116937673091602,2.5641229993980246,2.248294547331747,2.248294547331747,3.1846143830570806,3.075161160448638,2.2266967694421824,2.7504713881034477,3.1616018381652347,2.603250755550103,2.8636784921367613,3.8648053448040223,1.1249375926347986,1.5037648791399205,1.9961721452704855,2.984654766410999,2.240766849756633,3.2584327715078096,2.2939253025922595,3.0742691250290335,1.91851725330061,2.354646989733009,1.8506807932884044,2.603250755550103,1.7854070510797546,2.4431771710714334,2.6490031483109457,2.2584118992648863,2.3871840565568414,2.1071300334123277,2.171016934962174
2068,-1.877969159904749,2.886961800864678,2.9836202708009423,2.905256120291382,1.8763715265604464,3.1332858336824714,2.558555464150794,2.239174348199338,2.239174348199338,3.20353563918031,3.304587405151593,2.220417021153872,2.7025976393103748,3.280925465313342,2.5617868757036346,2.7944705516090953,3.8071872248930245,1.1322321208255477,1.4426077895295584,2.153476342937748,2.8780841320599992,2.2637915124222148,3.3752271301276378,2.2667721715310676,3.1856285468440926,1.8920986960314967,2.319634333151724,1.8556107565364297,2.5617868757036346,1.7790305958875183,2.5265324793271358,2.5830776736685137,2.2028688576817776,2.3743117006345935,2.142207596799921,2.0607811811494057
2069,-1.7596162531736748,2.734748139402681,3.2254849081992063,3.122063584056632,1.9411396724882912,3.11255326343615,2.4045091664968603,2.3028389117527865,2.3028389117527865,3.3080061014943745,3.402642408133278,2.2696804550184018,2.5665262976711087,3.0871606046785547,2.59859849274894,2.6535090634757714,3.7006196193184313,1.1324030864957437,1.4263861112215006,1.8378731856463524,2.863544682976348,2.1111253640396317,3.2428652299348135,2.364993673687732,3.2480219468894385,1.9436463744108108,2.1853058668098755,1.962934611203147,2.59859849274894,1.95919658953982,2.5309264085005174,2.727292239848018,2.1861249609443067,2.549208159813285,2.2766690280938593,1.8723127583356862
2070,-2.1176638866661253,2.835540031872361,3.290595891402427,3.0367186003927507,2.098828889512876,3.1926839007032752,2.4114800327777397,2.321292229766961,2.321292229766961,3.3695251471570007,3.5112614255812784,2.1709530404377047,2.67533222376391,2.9979212105868664,2.5892654311002614,2.6480542386840584,3.6639354158019777,1.1658706009888333,1.350983730012469,2.0455152874259923,2.6978044433405786,1.9557015719532793,3.1661323644614963,2.4400818772508437,3.0773673893367035,1.9660733572654598,2.0083627390760435,1.9752934843983245,2.5892654311002614,1.9875102072816648,2.7068741414953035,2.654626415702428,2.207270976717871,2.603060702054163,2.255041526848465,2.1052235223044584
2071,-2.2489247961566923,2.873646635159887,3.284853461914291,2.7689634036122497,2.0622490039496926,3.175278166975439,2.404246122566297,2.332941282638877,2.332941282638877,3.331031308541375,3.48251477893409,2.109372298508451,2.878272715322261,2.8745926734147065,2.6429714474139647,2.5503306941547716,3.706524878229647,1.0966378975730335,1.4028734158404397,2.003426047333298,2.6613017504172896,1.978472021395858,3.0738103368063343,2.710085457815133,3.1172428379092243,2.0508682968093903,1.7928727266766922,2.0273845506993853,2.6429714474139643,2.030030903080712,2.9514977535529945,2.6259170952362716,2.056528938860564,2.7138354494736054,2.174404813994636,2.267477812222984
2072,-2.9064254073905933,2.6990311982353536,3.3874457561831477,2.765112290367342,1.9345997702426145,3.144142600439333,2.2909271153963973,2.2463947019051993,2.2463947019051993,3.3444205282385253,3.631483424756064,2.1112513282335827,3.0226344158239566,2.949832016271656,2.5509495738938366,2.5713765449998616,3.7223029303452764,1.2381608070453722,1.354166553960524,2.0356742511912076,2.7778726212997515,2.0805995808950946,3.036094106070163,2.9244930106260445,3.197871558532396,2.083567173338583,1.7137542679781417,2.0379206359611786,2.5509495738938366,2.14330117384549,3.132050169814232,2.5977648036772982,2.026679451082658,2.7798467317770705,2.1461239955429585,2.534761531500157
2073,-3.7766109754567543,2.686766400681677,3.491772373167186,2.774154228945271,1.8475863209000194,3.1508960136325457,2.1077801148591697,2.149328257306718,2.149328257306718,3.30317796663334,3.79966278192789,2.1807645980114803,2.946150191891531,3.0964705571258277,2.3810883574603237,2.534255449470571,3.827538252627661,1.2746190339214687,1.210482415323901,2.0565852461290293,2.741860032475437,2.122942709817163,3.0564884303759396,3.064390849879041,3.3134043667245074,2.3244101724476978,1.7035189706251805,1.9557717767011307,2.3810883574603245,2.438634258962076,3.1096162316978186,2.792023351272603,1.9313217442544408,2.909818307574288,2.1445870462406904,2.566914548459182
2074,-4.3120646336816275,2.8181107026009684,3.6417504809563104,2.7406972638137677,1.8573533772104776,3.149025408676845,2.0255592689299284,2.1090653213375177,2.1090653213375177,3.2537380773114712,4.012050402121668,2.245416805578912,2.946133789677809,3.253860728428929,2.445333572568709,2.529517314114098,3.923970155544823,1.303531157548951,1.1410402245481939,1.7529083796599125,2.7466428744793006,2.3414851735721474,3.083940103130365,3.164973333691417,3.2938190341311127,2.5986369913996534,1.598924031143725,1.842995872655265,2.4453335725687095,2.464491978348388,2.806018461929914,2.9137478057482658,1.9231603977482765,3.00550837041533,2.1640416968723586,2.5801189560388864
2075,-4.250634241032392,2.694264595065034,3.4828123498734294,2.7707792128215627,1.9462154999180488,3.295669443440181,1.915110690277435,2.082353252777862,2.082353252777862,3.2798928304477477,3.8310377720470434,2.2602659569393984,3.0651064841246933,3.2208137625455713,2.33644597004209,2.5629799053738975,3.6738214430829217,1.306042784937869,0.9893627639018514,1.4164116863375025,2.678386707534031,2.5962805855134454,2.9724934732955197,3.3853468896065295,3.2913568990671718,2.627865534431866,1.6838366144523542,1.929577761763531,2.33644597004209,2.3176539336524717,2.7424569769757334,2.92386296561202,1.848462912111057,3.0061891502565374,2.1172784505360878,2.6208522589707495
2076,-5.09542835666164,2.6725105770047812,3.480106801733866,2.8418111959288614,1.9839507460122578,3.3528975692645027,2.003434928288888,2.0687972244663024,2.0687972244663024,3.217109372549709,3.9428715321353245,2.4289723515034645,3.12708833849743,3.217545819977634,2.346566056391606,2.6217848170762896,3.380070068204136,1.1901402955764848,0.992483222078367,1.3006619439117932,2.6143237003850435,2.646877158830481,2.940323994248495,3.3415910253582144,3.2952781467879397,2.5707210529671225,1.700041105745846,1.9903428217147847,2.346566056391606,2.2758523812907057,2.592661759761434,2.9851338612640674,1.5898147758258079,3.129924184188365,2.153491708204853,2.8288864793297646
2077,-6.491496458043723,2.7348951949237033,3.41861108636245,2.7775242308920833,2.1290988869990337,3.248337031945544,2.0861929998551,2.068816732021042,2.068816732021042,3.2524554646953967,3.7865924010299685,2.4788770935590323,3.1103811500145597,3.404886896987119,2.3577027801647503,2.5070374993609694,3.087162177685311,1.4847250449542475,0.7554411374104141,1.6193545292247817,2.501638027746933,2.796589826379509,2.743919177967269,3.2754594217552295,3.3084131350859582,2.653555081166883,1.6073642288703207,1.976735669692058,2.3577027801647503,2.321557440372675,2.695362912748013,3.0591642591461556,1.3893413766574407,3.139616741027548,2.222351925894888,2.884499508602945
2078,-5.665619131093964,2.818684120891174,3.1408496797777126,2.79463749384087,2.2645663000165754,3.2928605650319525,1.9367627948640138,2.040464767131981,2.040464767131981,3.2247372079960765,3.8081447562950506,2.448001605914865,3.197604817736594,3.7821976455985955,2.3688067787756744,2.4710058032908915,2.6324588304626455,1.7438003020757646,0.7208750237155982,1.5820646024565206,2.3392722864520663,2.871406126699145,2.6960638926383496,3.3243418465719126,3.0541285875368125,2.3979240841861356,1.5192800300495215,2.15530130235041,2.3688067787756744,2.290409937208081,2.776731185989879,2.978168099970705,1.2390345365076596,3.182965975809437,2.244903915738692,3.0016379419240526
2079,-4.797352708610619,2.8065712445708293,2.9896709812299944,2.682495487219285,2.237883422617035,3.2516289038813757,1.9062920530113805,1.9857047167470634,1.9857047167470634,3.156275115640651,3.796414932321067,2.4491959288963447,3.3290149690842776,3.922303741108194,2.354702813746054,2.4812921222105517,1.9603432015221247,1.9217016807355622,0.7344259083207477,1.7419640617518657,2.303631238054284,3.128832324653765,2.7024138922086647,3.329154936994456,2.9986733708778504,2.443459431949622,1.5710737152161496,2.124458732554807,2.354702813746054,2.5183258487621876,2.6514192370337617,2.911595770488126,1.2017338746951558,3.052772621736493,2.123284389948415,2.8069290152299837
2080,-5.077906452387945,2.6257559282824565,2.7243443105583975,2.7103532392482115,2.2383398138492723,3.217577788856963,2.026882832771553,1.9423021397066098,1.9423021397066098,3.029830668608379,3.6611595189579482,2.3182241632536726,3.304307343301138,4.096648131565799,2.4668814150023692,2.541688274028691,1.1299832122548543,1.9093732973308415,0.7156091782880214,1.8449537143513672,2.2440439566802275,3.2623237376428738,2.609154993050442,3.1742750753168716,2.8549837165322822,2.2319326162826107,1.5213985909363845,2.24552712252196,2.4668814150023692,2.756448548147006,2.3786764111115404,2.951653809654264,1.1467355745301908,3.2009174550727773,2.079894730162596,2.6809939415127158
2081,-5.1153089404728425,2.6831823764649325,2.681724092259764,2.856662572217582,2.1729031264127063,3.1976871711368164,2.053891925539635,1.9196910647901637,1.9196910647901637,2.9952850887077496,3.696816715046852,2.261156364874606,3.1917233822021855,3.9825695292683725,2.5090910644740543,2.6517226711854542,NaN,2.060920211581921,0.667502962644401,2.110573250901158,2.229052584000426,3.2997197652014023,2.575791400388181,3.136466708322711,2.7209322864651573,2.380291908217364,1.5636187191950057,2.415878735842763,2.5090910644740543,2.899864116217061,2.297959565029771,3.1972173375227166,1.0243716788079926,3.250259010484339,2.1493332090415582,2.4605212125882847
2082,-5.920346805568249,2.590425170457658,2.5610018575489413,2.7212879682378155,2.053252657584889,3.181492140277645,1.9518565584769736,1.8876189817469293,1.8876189817469293,2.9595769164842767,3.6126119122814053,2.1940622085071393,2.946711431173291,4.02221731867666,2.4767525152034193,2.7013628120363684,NaN,2.213146141661258,0.7088103223571777,2.3098836164474927,2.205004307523183,3.350729401013457,2.5673629218720055,3.113563069915862,2.7148488527246197,2.658677252124743,1.1061267132972663,2.5011870448110183,2.4767525152034193,3.01264886251042,2.4029956110572837,3.4585604349108876,1.1179029150336468,3.139366985462406,2.019949481858044,2.107604696028909
2083,-7.7215633668792565,2.638140019234809,2.9042675058507395,2.8380792882759067,2.0788211412539495,3.1276032241417564,1.678614703986421,1.9901092500145745,1.9901092500145745,2.8808716367153506,3.848873774203221,2.2956869032817586,2.816239486807492,4.086020155036487,2.634862177958045,2.781807758914769,NaN,2.237392769059312,0.6277618906139425,2.1352141647941036,2.140832149280909,3.4052452445136963,2.4304930804475338,2.9381527675882135,2.7814151162749265,2.840592695981986,0.8144517877469077,2.312216643966997,2.634862177958045,3.1890448927777726,2.5094919761683427,3.485732517164504,1.1215187656323617,3.125795278332259,1.9756245087635773,1.873119715462468
2084,-8.479037715731947,2.7815375989180673,3.0153032426269575,2.7460082416129223,2.070335944742261,3.0650156945129177,1.5405649146894322,2.0261238348106567,2.0261238348106567,2.8457018248212047,3.672953601344311,2.3883303944952465,2.5966002086281432,4.071150346920974,2.636452767116186,2.707817738015532,NaN,2.3894824954858565,0.5962692166251443,2.2817479109621157,2.122997414357344,3.4919498582042108,2.4005062881258508,2.8892027422253745,3.0092325072756605,2.874489207795279,0.5254121613474841,2.165287823561826,2.636452767116186,3.333789767087498,2.6497158058868253,3.7226370447140966,1.1183149445936564,3.214845532597223,1.9036924886386297,1.5485132305288702
2085,-8.750103385874613,2.7074501195144878,3.1831501835875398,2.722748441860055,2.1064402193775758,2.9413666942827494,1.4049532639803415,2.1322642661903157,2.1322642661903157,2.7103616905240706,3.4797244357661903,2.4644346883267727,2.639852703571945,4.054261664680437,2.6310841849956708,2.7444010243129977,NaN,2.531244273155669,0.5982716067625435,1.7683759298105262,2.141006007877764,3.630352040887015,2.4899390071961793,3.048172167591262,3.229712270515407,3.0048193298771206,0.46039321309540826,2.2114900618764515,2.6310841849956708,3.4871446977547267,2.6723264037428813,3.777697289996803,1.1266993668909686,3.424831989746329,1.9900341205890952,1.8943308183562018
2086,-9.114861726202022,2.709306677487119,3.3589258148990724,2.7507576753103926,2.17868391689366,2.8092449319815582,1.1407911767520256,2.2967425517247486,2.2967425517247486,2.6350802431482463,3.3090466052940117,2.365787468000231,2.631503378642991,4.070269385986112,2.5297924930306364,2.7048761301787474,NaN,2.521298713924742,0.5647984035787919,1.4939761102656017,2.101571310019498,3.6539929939610962,2.4598073760021766,3.227604193677193,3.351779027858671,3.108731317819028,0.2828551129311701,2.3437211165046117,2.5297924930306364,3.5313429285098326,2.871020218747792,3.9473786400209003,1.018338562842382,3.724240574925769,2.0002525511049014,1.7716226117762313
2087,-8.325557426092683,2.94785337988009,3.2163414141715005,2.725889198462777,2.3057063064532994,2.8571101539961528,0.9145138791895688,2.5431024673863445,2.5431024673863445,2.570586997956308,2.950717038174184,2.279124327730819,2.5682487900515727,4.152286757639241,2.530336430314784,2.6322648139792153,NaN,2.686940719081836,0.6989238626747791,1.4993932624791733,2.159608401585595,3.4627370894494796,2.522271304033756,3.407116456593058,3.3948527478181365,3.014216733111089,0.16578082299022417,2.178162988062628,2.530336430314784,3.9460793207764855,2.698848717349178,3.9945892138639643,0.9252758083960549,3.7416941407796913,2.0099951909390477,1.3843129954261013
2088,-8.886417275569553,3.0330659820240538,3.034491879690415,2.49258171845515,2.5460527521108327,2.7628180481709643,0.7039419523300572,2.540275000936566,2.540275000936566,2.4573279795352554,2.923352105706773,2.125687151292197,2.4615356352833695,4.44918036831364,2.460312854215667,2.5807395394724804,NaN,2.839472167200583,0.6729021413523518,1.4488091483983425,2.1771490768416757,3.700423750878302,2.411414081255328,3.575773022284417,3.498284364931181,3.0391584662023896,0.38215134628785824,1.9971705553458292,2.460312854215667,4.426599019132256,2.6791909259860622,4.099892523316105,0.9631065644020823,3.8884878153006786,1.9490030506328258,1.6975727845743842
2089,-9.1928093523941,2.7166802177462976,3.306968399644805,2.4609803841915348,2.790446712853994,2.6576401384223254,0.582800318877168,2.5817294209540145,2.5817294209540145,2.313555166363842,2.971842045315842,1.9781547952418408,2.3436516789070847,4.250670296168667,2.419995089419474,2.4392593567707324,NaN,3.0284939247982137,0.6822005403497344,1.4810550282119523,2.2346522977142094,3.5316132762111834,2.355950911872129,3.583931490919287,3.5749742715342117,2.9910772740051756,0.8804213582806438,1.8205316219072076,2.419995089419474,4.569339817485896,2.768150821757724,4.333828073798043,0.8517802571700216,3.9698487177254584,1.9500244325682896,NaN
2090,-6.560406904613191,2.653290168331057,3.4109342426686164,2.3270212458634685,3.0996355894879315,2.5662139158439374,0.678376954747671,2.6501486122962237,2.6501486122962237,2.22328493309258,3.1278015876321503,1.9926482463009139,2.2802363324718526,4.141252149211888,2.393078608673035,2.5065782120488227,NaN,3.185413433450048,0.7344363160786567,1.4929300715768807,2.175416447430248,3.3074093811723317,2.094029602573706,3.8656086250351493,3.7598552678479513,3.062516058018554,0.8642580720646619,1.5343409599371114,2.393078608673035,4.046541664594567,2.755172390608502,4.481271670051888,0.865499419099553,3.9550693077222467,1.9193562247956355,1.601380229922073
2091,-5.933196086075325,2.5860260077014967,3.446095195387548,2.160987178223077,3.352869498174088,2.363313403657872,0.9647036468743826,2.6815059556798366,2.6815059556798366,2.1773017779115036,2.952282472042344,2.023000607482939,2.3469084665248054,4.0815503831681745,2.428072565077864,2.5118309897356763,NaN,3.3844571887851416,0.7940415845833573,1.918816650880399,2.162605135940545,3.2975939987737717,2.0110317779681304,3.9562776895540996,3.8100624373282383,3.0038868282403026,1.0147462120386588,1.781761636824316,2.428072565077864,3.9474513112542877,2.8818320694978166,4.417557266105473,0.9570913714084183,4.046448239656537,1.894969511286316,NaN
2092,-6.542972062549459,2.59714724099585,3.1215450740019315,2.0655940082865856,3.415114044157265,2.392140107297836,1.1677900905567946,2.7566143729354686,2.7566143729354686,2.155475706791018,2.754843720505147,1.993405421456335,2.569041146212918,4.100175711515049,2.465836567292233,2.554436046756795,NaN,3.557048702468346,0.9094461524096741,1.5796989013357277,2.302377314355343,3.3493587595507055,1.9416104842426887,3.685003773930464,3.7845174138383286,3.0579019732640167,1.0224043071731848,2.0804851230934918,2.465836567292233,3.6832643432937644,2.6219739248356784,4.3951359085341455,1.0018712821514342,4.074895538776227,2.0464682852660223,NaN
2093,-6.822277864262001,2.6802130320206015,3.2261586721932196,2.180364467369029,3.7860007389868344,2.3613771110085477,1.1554747665785172,2.8507225158180147,2.8507225158180147,2.127410205683626,3.2006237263789683,2.0251509694710865,2.5800104919160467,4.105859627698872,2.3570707124417054,2.664192642375318,NaN,3.591657994638501,0.8934892496287211,1.4242765721160355,2.3865975084776063,3.3617017619106857,1.8194776486339777,3.5110143349717537,3.717185559040278,2.8582081158025887,0.6818180359029782,2.338906165813803,2.3570707124417054,3.5831820902818983,2.6088118728288263,4.236385222993381,1.0696261600645423,4.05693839274143,1.79720854754137,NaN
2094,-6.452501200835539,2.74781230102086,2.9757872076626244,2.388888959698496,3.958342707594153,2.168448555056189,1.556480904219165,2.892587346782906,2.892587346782906,2.4195704943576293,3.991755648246473,2.118322764119353,2.3354288848707627,4.249164975616467,2.1331595811517454,2.7134425748458906,NaN,3.5004254672123087,1.1368372416840817,1.0390992733959175,2.5509302431464977,3.2738170801930395,1.6499388235513242,3.256694750592085,3.7931538242088334,2.642317873868347,0.647255447259755,2.1558805112024872,2.133159581151746,3.5376289141293196,2.562401161180743,4.2402233480048475,1.1673609571757109,4.1791292167571354,1.9061391652003123,NaN
2095,-7.161319714353428,3.0096752949126535,2.9920197708384615,2.3122669367317,4.259519803163269,2.102354544485969,1.5334751548512173,2.8520415395212835,2.8520415395212835,2.630537194365091,4.400922710100834,2.1935906840944646,1.9498339013727999,4.68780704832132,1.987423166598522,2.9159256399062508,NaN,3.524041720477936,0.9507902415575527,0.6806672953328075,2.6934689206158686,2.85924340052593,1.6798279088778831,3.078763233193508,3.9804521584991823,2.538663213834469,-0.17518411520903068,2.3687895796424585,1.987423166598523,3.4623620577857674,2.135888932161253,3.951987943311176,1.282284328020138,4.273758252997057,1.850831699661526,NaN
2096,-5.521246484255594,3.349921924897694,2.7616073525866636,1.9612670941574355,4.4336351690339475,1.986625699257526,1.442719568630539,2.743743694237365,2.743743694237365,2.763737284330218,4.188413313130131,2.1843950300111548,1.7884803941601735,4.823907668775473,1.8473757527796806,2.9475642162180016,NaN,3.4391889612028583,0.8417702861644242,0.8737115470121759,2.7141536134414874,2.963238084761316,1.8461878549945419,2.9020427904514636,4.160780670563294,2.09959972752497,-0.665970637574296,3.3635263311511676,1.8473757527796806,3.644511874443355,1.7671840901600386,4.008702795522077,1.3374146308556485,4.433182017393401,1.8246334084572646,NaN
2097,-3.4837842945506705,3.286732589000773,2.278245382093443,1.9057091641288,4.865551884207726,1.8835964403320111,1.6482867898815872,2.7100133460936777,2.7100133460936777,2.9079296231666687,4.579127302871372,2.331532872518427,1.8784528168348595,4.538178737374541,1.8308030557261148,2.91760091325294,NaN,3.445019072047244,0.9172477051783645,0.8975235834472466,2.8440877921793515,3.007437098422104,1.9883957189957764,2.7817173380917297,4.176477948799308,1.7234358887438495,-3.011324762164205,4.187499321163118,1.8308030557261148,3.862993127495951,1.75544120319987,3.9751936736373246,1.4997660679608251,4.550320831663091,1.7203885654602453,NaN
2098,-3.4258483519385425,3.311672326881614,2.35860328273843,1.8656351316902742,4.803327318806978,1.757747092470967,2.141907340716619,2.8991784528999314,2.8991784528999314,2.7002416725569693,4.19813733452884,2.3445872838583957,1.8270614378520484,4.438302431052794,1.6161774439745051,2.796737411369006,NaN,3.401721754807713,0.9114819750239415,1.238950664461104,3.1925293072553855,3.0670738564863016,2.0089468948364377,2.5602447446282977,4.203672136944766,1.5157457617406078,NaN,4.022772785178031,1.6161774439745051,3.8978373540622275,1.2453930529312864,4.124174110389492,1.4856773205737996,4.618074770361895,1.6582821942592898,NaN
2099,-2.9143777716439643,3.119748298725692,2.2818542373276443,1.7053390340485106,4.9555195838534045,1.5028645857264067,2.137299253351924,2.973852780663514,2.973852780663514,2.593327880238251,3.757967335263854,2.52657950688299,1.9038228627690676,4.64468633407889,1.4949900320819998,2.7509133935926844,NaN,3.3908537791358317,0.7060611863880989,1.2454684386430264,3.4551928615146763,2.752707435833383,2.2569051124301804,2.6126647697723913,4.586726825607942,1.1924267412967737,NaN,3.9966370418701773,1.4949900320819998,4.236075281643129,1.1658760244890631,3.862124934572853,1.5206773922061896,4.789702520614783,1.9543015820388838,NaN
